tick,agent,status,delta,zone,action,queue,session_tokens,session_cost_usd,session_calls,session_deferred,last_tokens,last_cost_usd,last_latency_ms,window_saturation,context_used,context_budget,ablation_off,lambda_rate,temperature
1,Router,active,0.3093,nominal,idle,0,0,0.0,0,0,,,,0.0,0,8000,False,0.005,0.8
2,Router,active,0.3383,nominal,idle,1,0,0.0,0,0,,,,0.027,219,8000,False,0.005,0.8
3,Router,active,0.3468,nominal,idle,0,0,0.0,0,0,0.0,0.0,0.0,0.027,219,8000,False,0.005,0.8
4,Router,active,0.3539,nominal,idle,0,0,0.0,0,0,0.0,0.0,0.0,0.027,219,8000,False,0.005,0.8
5,Router,active,0.3607,nominal,idle,0,0,0.0,0,0,0.0,0.0,0.0,0.027,219,8000,False,0.005,0.8
6,Router,active,0.3672,nominal,idle,0,0,0.0,0,0,0.0,0.0,0.0,0.027,219,8000,False,0.005,0.8
7,Router,active,0.3735,nominal,idle,0,0,0.0,0,0,0.0,0.0,0.0,0.027,219,8000,False,0.005,0.8
8,Router,active,0.4021,nominal,idle,0,0,0.0,0,0,0.0,0.0,0.0,0.055,439,8000,False,0.005,0.8
9,Router,active,0.4067,nominal,idle,0,0,0.0,0,0,0.0,0.0,0.0,0.055,439,8000,False,0.005,0.8
10,Router,active,0.4111,nominal,idle,0,0,0.0,0,0,0.0,0.0,0.0,0.055,439,8000,False,0.005,0.8
11,Router,active,0.4153,nominal,idle,0,0,0.0,0,0,0.0,0.0,0.0,0.055,439,8000,False,0.005,0.8
12,Router,active,0.4194,nominal,idle,0,0,0.0,0,0,0.0,0.0,0.0,0.055,439,8000,False,0.005,0.8
13,Router,active,0.4233,nominal,idle,0,0,0.0,0,0,0.0,0.0,0.0,0.055,439,8000,False,0.005,0.8
14,Router,active,0.4571,loaded,idle,0,0,0.0,0,0,0.0,0.0,0.0,0.082,657,8000,False,0.005,0.8
15,Router,active,0.4592,loaded,idle,0,0,0.0,0,0,0.0,0.0,0.0,0.082,657,8000,False,0.005,0.8
16,Router,active,0.4612,loaded,idle,0,0,0.0,0,0,0.0,0.0,0.0,0.082,657,8000,False,0.005,0.8
17,Router,active,0.4631,loaded,idle,0,0,0.0,0,0,0.0,0.0,0.0,0.082,657,8000,False,0.005,0.8
18,Router,active,0.465,loaded,idle,0,0,0.0,0,0,0.0,0.0,0.0,0.082,657,8000,False,0.005,0.8
19,Router,active,0.4668,loaded,idle,0,0,0.0,0,0,0.0,0.0,0.0,0.082,657,8000,False,0.005,0.8
20,Router,active,0.4686,loaded,idle,0,0,0.0,0,0,0.0,0.0,0.0,0.082,657,8000,False,0.005,0.8
21,Router,active,0.4703,loaded,idle,0,0,0.0,0,0,0.0,0.0,0.0,0.082,657,8000,False,0.005,0.8
22,Router,active,0.4719,loaded,idle,0,0,0.0,0,0,0.0,0.0,0.0,0.082,657,8000,False,0.005,0.8
23,Router,active,0.4735,loaded,idle,0,0,0.0,0,0,0.0,0.0,0.0,0.082,657,8000,False,0.005,0.8
24,Router,active,0.475,loaded,idle,0,0,0.0,0,0,0.0,0.0,0.0,0.082,657,8000,False,0.005,0.8
25,Router,active,0.5122,loaded,idle,1,0,0.0,0,0,0.0,0.0,0.0,0.11,877,8000,False,0.005,0.8
26,Router,active,0.5459,loaded,idle,1,0,0.0,0,0,0.0,0.0,0.0,0.137,1095,8000,False,0.005,0.8
27,Router,active,0.5438,loaded,idle,1,0,0.0,0,0,0.0,0.0,0.0,0.137,1095,8000,False,0.005,0.8
28,Router,active,0.5429,loaded,idle,0,0,0.0,0,0,0.0,0.0,0.0,0.137,1095,8000,False,0.005,0.8
29,Router,active,0.541,loaded,idle,0,0,0.0,0,0,0.0,0.0,0.0,0.137,1095,8000,False,0.005,0.8
30,Router,active,0.5393,loaded,idle,0,0,0.0,0,0,0.0,0.0,0.0,0.137,1095,8000,False,0.005,0.8
31,Router,active,0.5376,loaded,idle,0,0,0.0,0,0,0.0,0.0,0.0,0.137,1095,8000,False,0.005,0.8
32,Router,active,0.5653,loaded,idle,0,0,0.0,0,0,0.0,0.0,0.0,0.137,1093,8000,False,0.005,0.8
33,Router,active,0.5624,loaded,idle,0,0,0.0,0,0,0.0,0.0,0.0,0.137,1093,8000,False,0.005,0.8
34,Router,active,0.5977,loaded,idle,1,0,0.0,0,0,0.0,0.0,0.0,0.164,1310,8000,False,0.005,0.8
35,Router,active,0.5941,loaded,idle,1,0,0.0,0,0,0.0,0.0,0.0,0.164,1310,8000,False,0.005,0.8
36,Router,active,0.6284,loaded,idle,0,0,0.0,0,0,0.0,0.0,0.0,0.191,1525,8000,False,0.005,0.8
37,Router,active,0.6224,loaded,idle,0,0,0.0,0,0,0.0,0.0,0.0,0.191,1525,8000,False,0.005,0.8
38,Router,active,0.6553,loaded,idle,0,0,0.0,0,0,0.0,0.0,0.0,0.191,1526,8000,False,0.005,0.8
39,Router,active,0.6479,loaded,idle,0,0,0.0,0,0,0.0,0.0,0.0,0.191,1526,8000,False,0.005,0.8
40,Router,active,0.6409,loaded,idle,0,0,0.0,0,0,0.0,0.0,0.0,0.191,1526,8000,False,0.005,0.8
41,Router,active,0.6343,loaded,idle,0,0,0.0,0,0,0.0,0.0,0.0,0.191,1526,8000,False,0.005,0.8
42,Router,active,0.628,loaded,idle,0,0,0.0,0,0,0.0,0.0,0.0,0.191,1526,8000,False,0.005,0.8
43,Router,active,0.6532,loaded,idle,0,0,0.0,0,0,0.0,0.0,0.0,0.218,1742,8000,False,0.005,0.8
44,Router,active,0.6789,critical,idle,2,0,0.0,0,0,0.0,0.0,0.0,0.217,1738,8000,False,0.005,0.8
45,Router,active,0.7073,critical,idle,2,0,0.0,0,0,0.0,0.0,0.0,0.244,1952,8000,False,0.005,0.8
46,Router,active,0.6974,critical,idle,2,0,0.0,0,0,0.0,0.0,0.0,0.244,1952,8000,False,0.005,0.8
47,Router,active,0.688,critical,idle,3,0,0.0,0,0,0.0,0.0,0.0,0.244,1952,8000,False,0.005,0.8
48,Router,active,0.6791,critical,idle,3,0,0.0,0,0,0.0,0.0,0.0,0.244,1952,8000,False,0.005,0.8
49,Router,active,0.6706,loaded,idle,4,0,0.0,0,0,0.0,0.0,0.0,0.244,1952,8000,False,0.005,0.8
50,Router,active,0.6626,loaded,idle,4,0,0.0,0,0,0.0,0.0,0.0,0.244,1952,8000,False,0.005,0.8
51,Router,active,0.655,loaded,idle,5,0,0.0,0,0,0.0,0.0,0.0,0.244,1952,8000,False,0.005,0.8
52,Router,active,0.6477,loaded,idle,6,0,0.0,0,0,0.0,0.0,0.0,0.244,1952,8000,False,0.005,0.8
53,Router,active,0.6408,loaded,idle,8,0,0.0,0,0,0.0,0.0,0.0,0.244,1952,8000,False,0.005,0.8
54,Router,active,0.6343,loaded,idle,8,0,0.0,0,0,0.0,0.0,0.0,0.244,1952,8000,False,0.005,0.8
55,Router,active,0.6281,loaded,idle,10,0,0.0,0,0,0.0,0.0,0.0,0.216,1732,8000,False,0.005,0.8
56,Router,active,0.6232,loaded,idle,9,0,0.0,0,0,0.0,0.0,0.0,0.189,1514,8000,False,0.005,0.8
57,Router,active,0.6508,loaded,idle,9,0,0.0,0,0,0.0,0.0,0.0,0.216,1730,8000,False,0.005,0.8
58,Router,active,0.6438,loaded,idle,9,0,0.0,0,0,0.0,0.0,0.0,0.216,1730,8000,False,0.005,0.8
59,Router,active,0.6372,loaded,idle,9,0,0.0,0,0,0.0,0.0,0.0,0.216,1730,8000,False,0.005,0.8
60,Router,active,0.6308,loaded,idle,9,0,0.0,0,0,0.0,0.0,0.0,0.216,1730,8000,False,0.005,0.8
61,Router,active,0.6248,loaded,idle,9,0,0.0,0,0,0.0,0.0,0.0,0.216,1730,8000,False,0.005,0.8
62,Router,active,0.6201,loaded,idle,8,0,0.0,0,0,0.0,0.0,0.0,0.189,1513,8000,False,0.005,0.8
63,Router,active,0.6537,loaded,idle,7,0,0.0,0,0,0.0,0.0,0.0,0.216,1729,8000,False,0.005,0.8
64,Router,active,0.6645,loaded,idle,7,0,0.0,0,0,0.0,0.0,0.0,0.216,1728,8000,False,0.005,0.8
65,Router,active,0.6569,loaded,idle,7,0,0.0,0,0,0.0,0.0,0.0,0.216,1728,8000,False,0.005,0.8
66,Router,active,0.6496,loaded,idle,7,0,0.0,0,0,0.0,0.0,0.0,0.189,1513,8000,False,0.005,0.8
67,Router,active,0.6427,loaded,idle,7,0,0.0,0,0,0.0,0.0,0.0,0.189,1513,8000,False,0.005,0.8
68,Router,active,0.6361,loaded,idle,7,0,0.0,0,0,0.0,0.0,0.0,0.162,1292,8000,False,0.005,0.8
69,Router,active,0.6298,loaded,idle,7,0,0.0,0,0,0.0,0.0,0.0,0.162,1292,8000,False,0.005,0.8
70,Router,active,0.6239,loaded,idle,7,0,0.0,0,0,0.0,0.0,0.0,0.162,1292,8000,False,0.005,0.8
71,Router,active,0.6183,loaded,idle,7,0,0.0,0,0,0.0,0.0,0.0,0.162,1292,8000,False,0.005,0.8
72,Router,active,0.6129,loaded,idle,7,0,0.0,0,0,0.0,0.0,0.0,0.162,1292,8000,False,0.005,0.8
73,Router,active,0.6079,loaded,idle,7,0,0.0,0,0,0.0,0.0,0.0,0.135,1076,8000,False,0.005,0.8
74,Router,active,0.604,loaded,idle,6,0,0.0,0,0,0.0,0.0,0.0,0.108,862,8000,False,0.005,0.8
75,Router,active,0.6326,loaded,idle,8,0,0.0,0,0,0.0,0.0,0.0,0.107,860,8000,False,0.005,0.8
76,Router,active,0.6275,loaded,idle,7,0,0.0,0,0,0.0,0.0,0.0,0.107,860,8000,False,0.005,0.8
77,Router,active,0.6379,loaded,idle,7,0,0.0,0,0,0.0,0.0,0.0,0.134,1072,8000,False,0.005,0.8
78,Router,active,0.6326,loaded,idle,7,0,0.0,0,0,0.0,0.0,0.0,0.134,1072,8000,False,0.005,0.8
79,Router,active,0.6632,loaded,idle,8,0,0.0,0,0,0.0,0.0,0.0,0.161,1289,8000,False,0.005,0.8
80,Router,active,0.6556,loaded,idle,8,0,0.0,0,0,0.0,0.0,0.0,0.161,1289,8000,False,0.005,0.8
